-- MySQL dump 10.13  Distrib 8.0.44, for Linux (x86_64)
--
-- Host: localhost    Database: pedagogy_platform
-- ------------------------------------------------------
-- Server version	8.0.44

/*!40101 SET @OLD_CHARACTER_SET_CLIENT=@@CHARACTER_SET_CLIENT */;
/*!40101 SET @OLD_CHARACTER_SET_RESULTS=@@CHARACTER_SET_RESULTS */;
/*!40101 SET @OLD_COLLATION_CONNECTION=@@COLLATION_CONNECTION */;
/*!50503 SET NAMES utf8mb4 */;
/*!40103 SET @OLD_TIME_ZONE=@@TIME_ZONE */;
/*!40103 SET TIME_ZONE='+00:00' */;
/*!40014 SET @OLD_UNIQUE_CHECKS=@@UNIQUE_CHECKS, UNIQUE_CHECKS=0 */;
/*!40014 SET @OLD_FOREIGN_KEY_CHECKS=@@FOREIGN_KEY_CHECKS, FOREIGN_KEY_CHECKS=0 */;
/*!40101 SET @OLD_SQL_MODE=@@SQL_MODE, SQL_MODE='NO_AUTO_VALUE_ON_ZERO' */;
/*!40111 SET @OLD_SQL_NOTES=@@SQL_NOTES, SQL_NOTES=0 */;

--
-- Dumping data for table `competition_audience_types`
--

LOCK TABLES `competition_audience_types` WRITE;
/*!40000 ALTER TABLE `competition_audience_types` DISABLE KEYS */;
INSERT INTO `competition_audience_types` (`id`, `competition_id`, `audience_type_id`, `created_at`) VALUES (88,1,1,'2026-02-05 17:08:47'),(89,2,1,'2026-02-05 17:08:47'),(90,3,1,'2026-02-05 17:08:47'),(91,4,1,'2026-02-05 17:08:47'),(92,5,1,'2026-02-05 17:08:47'),(93,52,1,'2026-02-05 17:08:47'),(94,53,1,'2026-02-05 17:08:47'),(95,6,2,'2026-02-05 17:08:47'),(96,7,2,'2026-02-05 17:08:47'),(97,8,2,'2026-02-05 17:08:47'),(98,9,2,'2026-02-05 17:08:47'),(99,51,2,'2026-02-05 17:08:47'),(100,54,2,'2026-02-05 17:08:47'),(101,55,2,'2026-02-05 17:08:47'),(102,56,2,'2026-02-05 17:08:47'),(103,57,2,'2026-02-05 17:08:47'),(104,58,2,'2026-02-05 17:08:47'),(105,10,3,'2026-02-05 17:08:47'),(106,11,3,'2026-02-05 17:08:47'),(107,12,3,'2026-02-05 17:08:47'),(108,13,3,'2026-02-05 17:08:47'),(109,14,3,'2026-02-05 17:08:47'),(110,15,3,'2026-02-05 17:08:47'),(111,16,3,'2026-02-05 17:08:47'),(112,17,3,'2026-02-05 17:08:47'),(113,18,3,'2026-02-05 17:08:47'),(114,19,3,'2026-02-05 17:08:47'),(115,20,3,'2026-02-05 17:08:47'),(116,21,3,'2026-02-05 17:08:47'),(117,22,3,'2026-02-05 17:08:47'),(118,23,3,'2026-02-05 17:08:48'),(119,24,3,'2026-02-05 17:08:48'),(120,25,4,'2026-02-05 17:08:48'),(121,26,4,'2026-02-05 17:08:48'),(122,27,4,'2026-02-05 17:08:48'),(123,28,4,'2026-02-05 17:08:48'),(124,29,4,'2026-02-05 17:08:48'),(125,34,4,'2026-02-05 17:08:48'),(126,59,4,'2026-02-05 17:08:48'),(127,60,4,'2026-02-05 17:08:48'),(128,30,2,'2026-02-05 17:08:48'),(129,30,3,'2026-02-05 17:08:48'),(130,31,3,'2026-02-05 17:08:48'),(131,32,1,'2026-02-05 17:08:48'),(132,32,2,'2026-02-05 17:08:48'),(133,32,3,'2026-02-05 17:08:48'),(134,33,1,'2026-02-05 17:08:48'),(135,33,2,'2026-02-05 17:08:48'),(136,33,3,'2026-02-05 17:08:48'),(137,35,3,'2026-02-05 17:08:48'),(138,35,4,'2026-02-05 17:08:48'),(139,36,2,'2026-02-05 17:08:48'),(140,36,3,'2026-02-05 17:08:48'),(141,36,4,'2026-02-05 17:08:48'),(142,37,1,'2026-02-05 17:08:48'),(143,37,2,'2026-02-05 17:08:48'),(144,37,3,'2026-02-05 17:08:48'),(145,86,2,'2026-02-05 17:08:48'),(146,86,3,'2026-02-05 17:08:48'),(147,87,1,'2026-02-05 17:08:48'),(148,87,2,'2026-02-05 17:08:48'),(149,87,3,'2026-02-05 17:08:48'),(150,87,4,'2026-02-05 17:08:48'),(151,88,1,'2026-02-05 17:08:48'),(152,88,2,'2026-02-05 17:08:48'),(153,88,3,'2026-02-05 17:08:48'),(154,89,2,'2026-02-05 17:08:48'),(155,89,3,'2026-02-05 17:08:48'),(156,90,1,'2026-02-05 17:08:48'),(157,90,2,'2026-02-05 17:08:48'),(158,90,3,'2026-02-05 17:08:48'),(159,90,4,'2026-02-05 17:08:48'),(160,38,3,'2026-02-05 17:08:48'),(161,38,4,'2026-02-05 17:08:48'),(162,39,3,'2026-02-05 17:08:48'),(163,40,2,'2026-02-05 17:08:48'),(164,40,3,'2026-02-05 17:08:48'),(165,41,2,'2026-02-05 17:08:48'),(166,41,3,'2026-02-05 17:08:48'),(167,42,3,'2026-02-05 17:08:48'),(168,42,4,'2026-02-05 17:08:48'),(169,43,3,'2026-02-05 17:08:48'),(170,44,3,'2026-02-05 17:08:48'),(171,45,3,'2026-02-05 17:08:48'),(172,45,4,'2026-02-05 17:08:48'),(173,80,3,'2026-02-05 17:08:48'),(174,81,2,'2026-02-05 17:08:48'),(175,81,3,'2026-02-05 17:08:48'),(176,46,1,'2026-02-05 17:08:48'),(177,46,2,'2026-02-05 17:08:48'),(178,46,3,'2026-02-05 17:08:48'),(179,47,1,'2026-02-05 17:08:48'),(180,47,2,'2026-02-05 17:08:48'),(181,47,3,'2026-02-05 17:08:48'),(182,48,1,'2026-02-05 17:08:48'),(183,48,2,'2026-02-05 17:08:48'),(184,49,3,'2026-02-05 17:08:48'),(185,49,4,'2026-02-05 17:08:48'),(186,50,1,'2026-02-05 17:08:48'),(187,50,2,'2026-02-05 17:08:48'),(188,50,3,'2026-02-05 17:08:48'),(189,61,1,'2026-02-05 17:08:48'),(190,61,2,'2026-02-05 17:08:48'),(191,61,3,'2026-02-05 17:08:48'),(192,62,1,'2026-02-05 17:08:48'),(193,62,2,'2026-02-05 17:08:48'),(194,62,3,'2026-02-05 17:08:48'),(195,63,1,'2026-02-05 17:08:48'),(196,63,2,'2026-02-05 17:08:48'),(197,63,3,'2026-02-05 17:08:48'),(198,64,1,'2026-02-05 17:08:48'),(199,64,2,'2026-02-05 17:08:48'),(200,64,3,'2026-02-05 17:08:48'),(201,65,1,'2026-02-05 17:08:48'),(202,65,2,'2026-02-05 17:08:48'),(203,65,3,'2026-02-05 17:08:48'),(204,78,1,'2026-02-05 17:08:48'),(205,78,2,'2026-02-05 17:08:48'),(206,78,3,'2026-02-05 17:08:48'),(207,79,1,'2026-02-05 17:08:48'),(208,79,2,'2026-02-05 17:08:48'),(209,79,3,'2026-02-05 17:08:48'),(210,82,1,'2026-02-05 17:08:48'),(211,82,2,'2026-02-05 17:08:48'),(212,66,2,'2026-02-05 17:08:48'),(213,66,3,'2026-02-05 17:08:48'),(214,67,1,'2026-02-05 17:08:48'),(215,67,2,'2026-02-05 17:08:48'),(216,68,1,'2026-02-05 17:08:48'),(217,68,2,'2026-02-05 17:08:48'),(218,68,3,'2026-02-05 17:08:48'),(219,68,4,'2026-02-05 17:08:48'),(220,69,1,'2026-02-05 17:08:48'),(221,69,2,'2026-02-05 17:08:48'),(222,69,3,'2026-02-05 17:08:48'),(223,70,2,'2026-02-05 17:08:48'),(224,70,3,'2026-02-05 17:08:48'),(225,71,1,'2026-02-05 17:08:48'),(226,71,2,'2026-02-05 17:08:48'),(227,71,3,'2026-02-05 17:08:48'),(228,72,1,'2026-02-05 17:08:48'),(229,72,2,'2026-02-05 17:08:48'),(230,72,3,'2026-02-05 17:08:48'),(231,72,4,'2026-02-05 17:08:48'),(232,73,1,'2026-02-05 17:08:48'),(233,73,2,'2026-02-05 17:08:48'),(234,73,3,'2026-02-05 17:08:48'),(235,74,2,'2026-02-05 17:08:48'),(236,74,3,'2026-02-05 17:08:48'),(237,75,2,'2026-02-05 17:08:48'),(238,75,3,'2026-02-05 17:08:48'),(239,75,4,'2026-02-05 17:08:48'),(240,76,2,'2026-02-05 17:08:48'),(241,76,3,'2026-02-05 17:08:48'),(242,77,1,'2026-02-05 17:08:48'),(243,77,2,'2026-02-05 17:08:48'),(244,77,3,'2026-02-05 17:08:48'),(245,83,1,'2026-02-05 17:08:48'),(246,83,2,'2026-02-05 17:08:48'),(247,83,3,'2026-02-05 17:08:48'),(248,83,4,'2026-02-05 17:08:48'),(249,84,1,'2026-02-05 17:08:48'),(250,84,2,'2026-02-05 17:08:48'),(251,84,3,'2026-02-05 17:08:48'),(252,84,4,'2026-02-05 17:08:48'),(253,85,1,'2026-02-05 17:08:48'),(254,85,2,'2026-02-05 17:08:48'),(255,85,3,'2026-02-05 17:08:48'),(256,85,4,'2026-02-05 17:08:48'),(257,91,3,'2026-02-05 17:08:48'),(258,92,3,'2026-02-05 17:08:48'),(259,93,3,'2026-02-05 17:08:48'),(260,94,3,'2026-02-05 17:08:48'),(261,95,3,'2026-02-05 17:08:48'),(262,96,3,'2026-02-05 17:08:48'),(263,97,3,'2026-02-05 17:08:48'),(264,98,3,'2026-02-05 17:08:48'),(265,99,3,'2026-02-05 17:08:48'),(266,100,3,'2026-02-05 17:08:48'),(267,101,3,'2026-02-05 17:08:48'),(268,102,3,'2026-02-05 17:08:48'),(269,103,3,'2026-02-05 17:08:48'),(270,104,3,'2026-02-05 17:08:48'),(271,105,3,'2026-02-05 17:08:48'),(272,106,3,'2026-02-05 17:08:48'),(273,107,3,'2026-02-05 17:08:48'),(274,108,3,'2026-02-05 17:08:48'),(275,109,3,'2026-02-05 17:08:48'),(276,110,3,'2026-02-05 17:08:48'),(277,111,3,'2026-02-05 17:08:48'),(278,112,3,'2026-02-05 17:08:48'),(279,113,3,'2026-02-05 17:08:48'),(280,114,3,'2026-02-05 17:08:48'),(281,115,3,'2026-02-05 17:08:48'),(282,116,3,'2026-02-05 17:08:48'),(283,117,3,'2026-02-05 17:08:48'),(284,118,3,'2026-02-05 17:08:48'),(285,119,3,'2026-02-05 17:08:48'),(286,120,3,'2026-02-05 17:08:48'),(287,121,3,'2026-02-05 17:08:48'),(288,122,3,'2026-02-05 17:08:48'),(289,123,3,'2026-02-05 17:08:48'),(290,124,3,'2026-02-05 17:08:48'),(291,125,3,'2026-02-05 17:08:48'),(292,126,3,'2026-02-05 17:08:48'),(293,127,3,'2026-02-05 17:08:48'),(294,128,3,'2026-02-05 17:08:48'),(295,129,3,'2026-02-05 17:08:48'),(296,130,3,'2026-02-05 17:08:48'),(297,131,3,'2026-02-05 17:08:48'),(298,132,3,'2026-02-05 17:08:48'),(299,133,3,'2026-02-05 17:08:48'),(300,134,3,'2026-02-05 17:08:48'),(301,135,3,'2026-02-05 17:08:48'),(302,136,3,'2026-02-05 17:08:48'),(303,137,3,'2026-02-05 17:08:48'),(304,138,3,'2026-02-05 17:08:48'),(305,139,3,'2026-02-05 17:08:48'),(306,140,3,'2026-02-05 17:08:48'),(307,141,3,'2026-02-05 17:08:48'),(308,142,3,'2026-02-05 17:08:48'),(309,143,3,'2026-02-05 17:08:48'),(310,144,3,'2026-02-05 17:08:48'),(311,145,3,'2026-02-05 17:08:48'),(312,146,3,'2026-02-05 17:08:48'),(313,147,3,'2026-02-05 17:08:48'),(314,148,3,'2026-02-05 17:08:48'),(315,149,3,'2026-02-05 17:08:48'),(316,150,3,'2026-02-05 17:08:48'),(317,151,3,'2026-02-05 17:08:48'),(318,152,3,'2026-02-05 17:08:48'),(319,153,3,'2026-02-05 17:08:48'),(320,154,3,'2026-02-05 17:08:48'),(321,155,3,'2026-02-05 17:08:48'),(322,156,3,'2026-02-05 17:08:48'),(323,157,3,'2026-02-05 17:08:48'),(324,158,3,'2026-02-05 17:08:48'),(325,159,3,'2026-02-05 17:08:48'),(326,160,3,'2026-02-05 17:08:48'),(327,161,3,'2026-02-05 17:08:48'),(328,162,3,'2026-02-05 17:08:48'),(329,163,3,'2026-02-05 17:08:48'),(330,164,3,'2026-02-05 17:08:48'),(331,165,3,'2026-02-05 17:08:48'),(332,166,3,'2026-02-05 17:08:48'),(333,167,3,'2026-02-05 17:08:48'),(334,168,3,'2026-02-05 17:08:48'),(335,169,3,'2026-02-05 17:08:48'),(336,170,3,'2026-02-05 17:08:48'),(337,171,3,'2026-02-05 17:08:48'),(338,172,3,'2026-02-05 17:08:48'),(339,173,3,'2026-02-05 17:08:48'),(340,174,3,'2026-02-05 17:08:48'),(341,349,1,'2026-02-12 15:48:13'),(342,350,1,'2026-02-12 15:48:13'),(343,351,2,'2026-02-12 15:48:13'),(344,352,2,'2026-02-12 15:48:13'),(345,353,2,'2026-02-12 15:48:13'),(346,354,2,'2026-02-12 15:48:13'),(347,355,2,'2026-02-12 15:48:13'),(348,356,2,'2026-02-12 15:48:13'),(349,357,4,'2026-02-12 15:48:13'),(350,273,4,'2026-02-12 15:48:13'),(351,0,2,'2026-02-12 15:48:46'),(352,0,3,'2026-02-12 15:48:46'),(353,0,4,'2026-02-12 15:48:46'),(354,351,3,'2026-02-12 15:48:46'),(360,275,4,'2026-02-12 15:48:46'),(361,360,3,'2026-02-12 15:48:46'),(362,360,4,'2026-02-12 15:48:46'),(363,276,2,'2026-02-12 15:48:46'),(364,276,3,'2026-02-12 15:48:46'),(365,276,4,'2026-02-12 15:48:46'),(366,363,1,'2026-02-12 15:48:46'),(367,363,2,'2026-02-12 15:48:46'),(368,363,3,'2026-02-12 15:48:46'),(369,277,3,'2026-02-12 15:48:46'),(370,277,4,'2026-02-12 15:48:46'),(371,280,3,'2026-02-12 15:48:46'),(372,282,2,'2026-02-12 15:48:46'),(373,282,3,'2026-02-12 15:48:46'),(374,283,2,'2026-02-12 15:48:46'),(375,283,3,'2026-02-12 15:48:46'),(376,285,4,'2026-02-12 15:48:46'),(377,287,3,'2026-02-12 15:48:46'),(378,288,3,'2026-02-12 15:48:46'),(379,290,4,'2026-02-12 15:48:46'),(380,291,1,'2026-02-12 15:48:46'),(381,291,2,'2026-02-12 15:48:46'),(382,292,1,'2026-02-12 15:48:46'),(383,292,2,'2026-02-12 15:48:46'),(384,292,3,'2026-02-12 15:48:46'),(385,292,4,'2026-02-12 15:48:46'),(386,382,1,'2026-02-12 15:48:46'),(387,382,2,'2026-02-12 15:48:46'),(388,294,3,'2026-02-12 15:48:46'),(389,294,4,'2026-02-12 15:48:46'),(390,296,1,'2026-02-12 15:48:46'),(391,296,2,'2026-02-12 15:48:46'),(392,296,3,'2026-02-12 15:48:46'),(393,296,4,'2026-02-12 15:48:46'),(394,298,2,'2026-02-12 15:48:46'),(395,301,1,'2026-02-12 15:48:46'),(396,302,1,'2026-02-12 15:48:46'),(397,303,2,'2026-02-12 15:48:46'),(398,304,2,'2026-02-12 15:48:46'),(399,305,2,'2026-02-12 15:48:46'),(400,306,2,'2026-02-12 15:48:46'),(401,307,2,'2026-02-12 15:48:46'),(402,308,4,'2026-02-12 15:48:46'),(403,309,4,'2026-02-12 15:48:46'),(410,408,1,'2026-02-12 15:49:40'),(411,408,2,'2026-02-12 15:49:40'),(412,408,3,'2026-02-12 15:49:40'),(413,311,4,'2026-02-12 15:49:40'),(414,413,3,'2026-02-12 15:49:40'),(415,413,4,'2026-02-12 15:49:40'),(416,312,2,'2026-02-12 15:49:40'),(417,312,3,'2026-02-12 15:49:40'),(418,312,4,'2026-02-12 15:49:40'),(419,416,1,'2026-02-12 15:49:40'),(420,416,2,'2026-02-12 15:49:40'),(421,416,3,'2026-02-12 15:49:40'),(422,313,3,'2026-02-12 15:49:40'),(423,313,4,'2026-02-12 15:49:40'),(424,316,3,'2026-02-12 15:49:40'),(425,318,2,'2026-02-12 15:49:40'),(426,318,3,'2026-02-12 15:49:40'),(427,319,2,'2026-02-12 15:49:40'),(428,319,3,'2026-02-12 15:49:40'),(429,321,4,'2026-02-12 15:49:40'),(430,323,3,'2026-02-12 15:49:40'),(431,324,3,'2026-02-12 15:49:40'),(432,326,4,'2026-02-12 15:49:40'),(433,327,1,'2026-02-12 15:49:40'),(434,327,2,'2026-02-12 15:49:40'),(435,328,1,'2026-02-12 15:49:40'),(436,328,2,'2026-02-12 15:49:40'),(437,328,3,'2026-02-12 15:49:40'),(438,328,4,'2026-02-12 15:49:40'),(439,435,1,'2026-02-12 15:49:40'),(440,435,2,'2026-02-12 15:49:40'),(441,330,3,'2026-02-12 15:49:40'),(442,330,4,'2026-02-12 15:49:40'),(443,332,1,'2026-02-12 15:49:40'),(444,332,2,'2026-02-12 15:49:40'),(445,332,3,'2026-02-12 15:49:40'),(446,332,4,'2026-02-12 15:49:40'),(447,334,2,'2026-02-12 15:49:40'),(448,337,1,'2026-02-12 15:49:40'),(449,338,1,'2026-02-12 15:49:40'),(450,339,2,'2026-02-12 15:49:40'),(451,340,2,'2026-02-12 15:49:40'),(452,341,2,'2026-02-12 15:49:40'),(453,342,2,'2026-02-12 15:49:40'),(454,343,2,'2026-02-12 15:49:40'),(455,344,4,'2026-02-12 15:49:40'),(456,345,4,'2026-02-12 15:49:40'),(460,457,1,'2026-02-12 15:49:40'),(461,457,2,'2026-02-12 15:49:40'),(462,457,3,'2026-02-12 15:49:40'),(463,460,1,'2026-02-12 15:49:40'),(464,460,2,'2026-02-12 15:49:40'),(465,460,3,'2026-02-12 15:49:40'),(466,463,1,'2026-02-12 15:49:40'),(467,463,2,'2026-02-12 15:49:40'),(468,463,3,'2026-02-12 15:49:40'),(469,466,1,'2026-02-12 15:49:40'),(470,466,2,'2026-02-12 15:49:40'),(471,466,3,'2026-02-12 15:49:40'),(472,469,2,'2026-02-12 15:49:40'),(473,469,3,'2026-02-12 15:49:40'),(474,472,1,'2026-02-12 15:49:40'),(475,472,2,'2026-02-12 15:49:40'),(476,474,1,'2026-02-12 15:49:40'),(477,474,2,'2026-02-12 15:49:40'),(478,474,3,'2026-02-12 15:49:40'),(479,474,4,'2026-02-12 15:49:40'),(480,476,2,'2026-02-12 15:49:40'),(481,476,3,'2026-02-12 15:49:40'),(482,476,4,'2026-02-12 15:49:40'),(483,480,2,'2026-02-12 15:49:40'),(484,480,3,'2026-02-12 15:49:40'),(485,483,1,'2026-02-12 15:49:40'),(486,483,2,'2026-02-12 15:49:40'),(487,483,3,'2026-02-12 15:49:40'),(488,485,1,'2026-02-12 15:49:40'),(489,485,2,'2026-02-12 15:49:40'),(490,485,3,'2026-02-12 15:49:40'),(491,485,4,'2026-02-12 15:49:40'),(492,488,2,'2026-02-12 15:49:40'),(493,488,3,'2026-02-12 15:49:40'),(494,492,1,'2026-02-12 15:49:40'),(495,492,2,'2026-02-12 15:49:40'),(496,492,3,'2026-02-12 15:49:40'),(497,347,1,'2026-02-12 15:49:40'),(498,347,2,'2026-02-12 15:49:40'),(499,347,3,'2026-02-12 15:49:40'),(500,347,4,'2026-02-12 15:49:40'),(501,349,2,'2026-02-12 15:49:40'),(502,349,3,'2026-02-12 15:49:40'),(503,349,4,'2026-02-12 15:49:40'),(513,355,3,'2026-02-12 15:49:40'),(519,361,2,'2026-02-12 15:49:40'),(520,361,3,'2026-02-12 15:49:40'),(521,361,4,'2026-02-12 15:49:40'),(522,519,1,'2026-02-12 15:49:40'),(523,519,2,'2026-02-12 15:49:40'),(524,519,3,'2026-02-12 15:49:40'),(525,519,4,'2026-02-12 15:49:40'),(526,522,2,'2026-02-12 15:49:40'),(527,522,3,'2026-02-12 15:49:40'),(528,526,2,'2026-02-12 15:49:40'),(529,526,3,'2026-02-12 15:49:40'),(530,528,1,'2026-02-12 15:49:40'),(531,528,2,'2026-02-12 15:49:40'),(532,528,3,'2026-02-12 15:49:40'),(533,530,1,'2026-02-12 15:49:40'),(534,530,2,'2026-02-12 15:49:40'),(535,530,3,'2026-02-12 15:49:40'),(539,365,2,'2026-02-12 15:49:40'),(540,365,3,'2026-02-12 15:49:40'),(541,365,4,'2026-02-12 15:49:40'),(553,379,3,'2026-02-12 15:49:40'),(554,380,3,'2026-02-12 15:49:40'),(555,381,3,'2026-02-12 15:49:40'),(556,382,3,'2026-02-12 15:49:40'),(557,383,3,'2026-02-12 15:49:40'),(558,384,3,'2026-02-12 15:49:40'),(559,385,3,'2026-02-12 15:49:40'),(560,386,3,'2026-02-12 15:49:40'),(561,387,3,'2026-02-12 15:49:40'),(562,388,3,'2026-02-12 15:49:40'),(563,389,3,'2026-02-12 15:49:40'),(564,390,3,'2026-02-12 15:49:40'),(565,391,3,'2026-02-12 15:49:40'),(566,392,3,'2026-02-12 15:49:40'),(567,393,3,'2026-02-12 15:49:40'),(568,394,3,'2026-02-12 15:49:40'),(569,395,3,'2026-02-12 15:49:40'),(570,396,3,'2026-02-12 15:49:40'),(571,397,3,'2026-02-12 15:49:40'),(572,398,3,'2026-02-12 15:49:40'),(573,399,3,'2026-02-12 15:49:40'),(574,400,3,'2026-02-12 15:49:40'),(575,401,3,'2026-02-12 15:49:40'),(576,402,3,'2026-02-12 15:49:40'),(577,403,3,'2026-02-12 15:49:40'),(578,404,3,'2026-02-12 15:49:40'),(579,405,3,'2026-02-12 15:49:40'),(580,406,3,'2026-02-12 15:49:40'),(581,407,3,'2026-02-12 15:49:40'),(583,409,3,'2026-02-12 15:49:40'),(584,410,3,'2026-02-12 15:49:40'),(585,411,3,'2026-02-12 15:49:40'),(586,412,3,'2026-02-12 15:49:40'),(588,414,3,'2026-02-12 15:49:40'),(589,415,3,'2026-02-12 15:49:40'),(591,417,3,'2026-02-12 15:49:40'),(592,418,3,'2026-02-12 15:49:40'),(593,419,3,'2026-02-12 15:49:40'),(594,420,3,'2026-02-12 15:49:40'),(595,421,3,'2026-02-12 15:49:40'),(596,422,3,'2026-02-12 15:49:40'),(597,423,3,'2026-02-12 15:49:40'),(598,424,3,'2026-02-12 15:49:40'),(599,425,3,'2026-02-12 15:49:40'),(600,426,3,'2026-02-12 15:49:40'),(601,427,3,'2026-02-12 15:49:40'),(602,428,3,'2026-02-12 15:49:40'),(603,429,3,'2026-02-12 15:49:40'),(604,430,3,'2026-02-12 15:49:40'),(605,431,3,'2026-02-12 15:49:40'),(606,432,3,'2026-02-12 15:49:40'),(607,433,3,'2026-02-12 15:49:40'),(608,434,3,'2026-02-12 15:49:40'),(609,435,3,'2026-02-12 15:49:40'),(610,436,3,'2026-02-12 15:49:40'),(611,437,3,'2026-02-12 15:49:40'),(612,438,3,'2026-02-12 15:49:40'),(613,439,3,'2026-02-12 15:49:41'),(614,440,3,'2026-02-12 15:49:41'),(615,441,3,'2026-02-12 15:49:41'),(616,442,3,'2026-02-12 15:49:41'),(617,443,3,'2026-02-12 15:49:41'),(618,444,3,'2026-02-12 15:49:41'),(619,445,3,'2026-02-12 15:49:41'),(620,446,3,'2026-02-12 15:49:41'),(621,447,3,'2026-02-12 15:49:41'),(622,448,3,'2026-02-12 15:49:41'),(623,449,3,'2026-02-12 15:49:41'),(624,450,3,'2026-02-12 15:49:41'),(625,451,3,'2026-02-12 15:49:41');
/*!40000 ALTER TABLE `competition_audience_types` ENABLE KEYS */;
UNLOCK TABLES;

--
-- Dumping data for table `competition_specializations`
--

LOCK TABLES `competition_specializations` WRITE;
/*!40000 ALTER TABLE `competition_specializations` DISABLE KEYS */;
INSERT INTO `competition_specializations` (`id`, `competition_id`, `specialization_id`, `created_at`) VALUES (88,1,1,'2026-02-05 17:08:47'),(89,2,3,'2026-02-05 17:08:47'),(90,3,2,'2026-02-05 17:08:47'),(91,4,4,'2026-02-05 17:08:47'),(92,5,5,'2026-02-05 17:08:47'),(93,52,6,'2026-02-05 17:08:47'),(94,53,7,'2026-02-05 17:08:47'),(95,6,8,'2026-02-05 17:08:47'),(96,7,10,'2026-02-05 17:08:47'),(97,8,11,'2026-02-05 17:08:47'),(98,51,8,'2026-02-05 17:08:47'),(99,54,12,'2026-02-05 17:08:47'),(100,55,13,'2026-02-05 17:08:47'),(101,56,14,'2026-02-05 17:08:47'),(102,57,15,'2026-02-05 17:08:47'),(103,58,16,'2026-02-05 17:08:47'),(104,10,17,'2026-02-05 17:08:47'),(105,11,18,'2026-02-05 17:08:47'),(106,12,19,'2026-02-05 17:08:47'),(107,13,20,'2026-02-05 17:08:47'),(108,14,21,'2026-02-05 17:08:47'),(109,15,22,'2026-02-05 17:08:47'),(110,16,23,'2026-02-05 17:08:47'),(111,17,24,'2026-02-05 17:08:47'),(112,18,25,'2026-02-05 17:08:47'),(113,19,26,'2026-02-05 17:08:47'),(114,20,26,'2026-02-05 17:08:47'),(115,21,27,'2026-02-05 17:08:47'),(116,22,30,'2026-02-05 17:08:47'),(117,23,28,'2026-02-05 17:08:48'),(118,24,29,'2026-02-05 17:08:48'),(119,25,31,'2026-02-05 17:08:48'),(120,26,32,'2026-02-05 17:08:48'),(121,27,37,'2026-02-05 17:08:48'),(122,28,36,'2026-02-05 17:08:48'),(123,29,35,'2026-02-05 17:08:48'),(124,59,34,'2026-02-05 17:08:48'),(125,60,33,'2026-02-05 17:08:48'),(126,35,25,'2026-02-05 17:08:48'),(127,37,4,'2026-02-05 17:08:48'),(128,37,15,'2026-02-05 17:08:48'),(129,37,27,'2026-02-05 17:08:48'),(130,88,6,'2026-02-05 17:08:48'),(131,88,11,'2026-02-05 17:08:48'),(132,88,22,'2026-02-05 17:08:48'),(133,38,25,'2026-02-05 17:08:48'),(134,39,24,'2026-02-05 17:08:48'),(135,40,9,'2026-02-05 17:08:48'),(136,40,17,'2026-02-05 17:08:48'),(137,41,10,'2026-02-05 17:08:48'),(138,41,18,'2026-02-05 17:08:48'),(139,42,25,'2026-02-05 17:08:48'),(140,42,33,'2026-02-05 17:08:48'),(141,43,22,'2026-02-05 17:08:48'),(142,43,23,'2026-02-05 17:08:48'),(143,44,26,'2026-02-05 17:08:48'),(144,45,19,'2026-02-05 17:08:48'),(145,45,30,'2026-02-05 17:08:48'),(146,45,32,'2026-02-05 17:08:48'),(147,80,17,'2026-02-05 17:08:48'),(148,80,18,'2026-02-05 17:08:48'),(149,80,20,'2026-02-05 17:08:48'),(150,81,9,'2026-02-05 17:08:48'),(151,81,17,'2026-02-05 17:08:48'),(152,46,3,'2026-02-05 17:08:48'),(153,46,13,'2026-02-05 17:08:48'),(154,48,3,'2026-02-05 17:08:48'),(155,48,11,'2026-02-05 17:08:48'),(156,49,19,'2026-02-05 17:08:48'),(157,50,5,'2026-02-05 17:08:48'),(158,50,14,'2026-02-05 17:08:48'),(159,50,29,'2026-02-05 17:08:48'),(160,61,3,'2026-02-05 17:08:48'),(161,61,13,'2026-02-05 17:08:48'),(162,62,3,'2026-02-05 17:08:48'),(163,62,13,'2026-02-05 17:08:48'),(164,78,3,'2026-02-05 17:08:48'),(165,78,13,'2026-02-05 17:08:48'),(166,79,1,'2026-02-05 17:08:48'),(167,79,9,'2026-02-05 17:08:48'),(168,79,17,'2026-02-05 17:08:48'),(169,82,3,'2026-02-05 17:08:48'),(170,82,13,'2026-02-05 17:08:48'),(171,67,1,'2026-02-05 17:08:48'),(172,67,8,'2026-02-05 17:08:48'),(173,74,16,'2026-02-05 17:08:48'),(174,74,19,'2026-02-05 17:08:48'),(175,74,30,'2026-02-05 17:08:48'),(176,75,25,'2026-02-05 17:08:48'),(177,75,33,'2026-02-05 17:08:48'),(178,76,19,'2026-02-05 17:08:48'),(179,77,7,'2026-02-05 17:08:48'),(180,77,24,'2026-02-05 17:08:48'),(181,91,17,'2026-02-05 17:08:48'),(182,92,17,'2026-02-05 17:08:48'),(183,93,17,'2026-02-05 17:08:48'),(184,94,17,'2026-02-05 17:08:48'),(185,95,17,'2026-02-05 17:08:48'),(186,96,17,'2026-02-05 17:08:48'),(187,97,17,'2026-02-05 17:08:48'),(188,98,17,'2026-02-05 17:08:48'),(189,99,17,'2026-02-05 17:08:48'),(190,100,17,'2026-02-05 17:08:48'),(191,101,18,'2026-02-05 17:08:48'),(192,102,18,'2026-02-05 17:08:48'),(193,103,18,'2026-02-05 17:08:48'),(194,104,18,'2026-02-05 17:08:48'),(195,105,18,'2026-02-05 17:08:48'),(196,106,18,'2026-02-05 17:08:48'),(197,107,18,'2026-02-05 17:08:48'),(198,108,18,'2026-02-05 17:08:48'),(199,109,20,'2026-02-05 17:08:48'),(200,110,20,'2026-02-05 17:08:48'),(201,111,20,'2026-02-05 17:08:48'),(202,112,21,'2026-02-05 17:08:48'),(203,113,21,'2026-02-05 17:08:48'),(204,114,22,'2026-02-05 17:08:48'),(205,115,22,'2026-02-05 17:08:48'),(206,116,22,'2026-02-05 17:08:48'),(207,117,22,'2026-02-05 17:08:48'),(208,118,22,'2026-02-05 17:08:48'),(209,119,23,'2026-02-05 17:08:48'),(210,120,23,'2026-02-05 17:08:48'),(211,121,23,'2026-02-05 17:08:48'),(212,122,23,'2026-02-05 17:08:48'),(213,123,23,'2026-02-05 17:08:48'),(214,124,24,'2026-02-05 17:08:48'),(215,125,24,'2026-02-05 17:08:48'),(216,126,24,'2026-02-05 17:08:48'),(217,127,24,'2026-02-05 17:08:48'),(218,128,24,'2026-02-05 17:08:48'),(219,129,25,'2026-02-05 17:08:48'),(220,130,25,'2026-02-05 17:08:48'),(221,131,25,'2026-02-05 17:08:48'),(222,132,25,'2026-02-05 17:08:48'),(223,133,26,'2026-02-05 17:08:48'),(224,134,26,'2026-02-05 17:08:48'),(225,135,26,'2026-02-05 17:08:48'),(226,136,26,'2026-02-05 17:08:48'),(227,137,26,'2026-02-05 17:08:48'),(228,138,19,'2026-02-05 17:08:48'),(229,139,19,'2026-02-05 17:08:48'),(230,140,19,'2026-02-05 17:08:48'),(231,141,27,'2026-02-05 17:08:48'),(232,142,27,'2026-02-05 17:08:48'),(233,143,28,'2026-02-05 17:08:48'),(234,144,28,'2026-02-05 17:08:48'),(235,145,30,'2026-02-05 17:08:48'),(236,146,30,'2026-02-05 17:08:48'),(237,147,29,'2026-02-05 17:08:48'),(238,148,29,'2026-02-05 17:08:48'),(239,149,17,'2026-02-05 17:08:48'),(240,150,17,'2026-02-05 17:08:48'),(241,151,17,'2026-02-05 17:08:48'),(242,152,17,'2026-02-05 17:08:48'),(243,153,18,'2026-02-05 17:08:48'),(244,154,18,'2026-02-05 17:08:48'),(245,155,18,'2026-02-05 17:08:48'),(246,156,20,'2026-02-05 17:08:48'),(247,157,20,'2026-02-05 17:08:48'),(248,158,21,'2026-02-05 17:08:48'),(249,159,21,'2026-02-05 17:08:48'),(250,160,22,'2026-02-05 17:08:48'),(251,161,22,'2026-02-05 17:08:48'),(252,162,23,'2026-02-05 17:08:48'),(253,163,24,'2026-02-05 17:08:48'),(254,164,24,'2026-02-05 17:08:48'),(255,165,25,'2026-02-05 17:08:48'),(256,166,25,'2026-02-05 17:08:48'),(257,167,26,'2026-02-05 17:08:48'),(258,168,26,'2026-02-05 17:08:48'),(259,169,19,'2026-02-05 17:08:48'),(260,170,19,'2026-02-05 17:08:48'),(261,171,27,'2026-02-05 17:08:48'),(262,172,28,'2026-02-05 17:08:48'),(263,173,29,'2026-02-05 17:08:48'),(264,174,20,'2026-02-05 17:08:48'),(265,349,6,'2026-02-12 15:48:13'),(266,350,7,'2026-02-12 15:48:13'),(267,351,9,'2026-02-12 15:48:13'),(268,352,12,'2026-02-12 15:48:13'),(269,353,13,'2026-02-12 15:48:13'),(270,354,14,'2026-02-12 15:48:13'),(271,355,15,'2026-02-12 15:48:13'),(272,356,16,'2026-02-12 15:48:13'),(273,357,33,'2026-02-12 15:48:13'),(274,273,34,'2026-02-12 15:48:13'),(275,355,7,'2026-02-12 15:48:46'),(276,360,25,'2026-02-12 15:48:46'),(277,363,4,'2026-02-12 15:48:46'),(278,363,15,'2026-02-12 15:48:46'),(279,363,27,'2026-02-12 15:48:46'),(280,277,25,'2026-02-12 15:48:46'),(281,277,34,'2026-02-12 15:48:46'),(282,280,24,'2026-02-12 15:48:46'),(283,282,9,'2026-02-12 15:48:46'),(284,282,17,'2026-02-12 15:48:46'),(285,283,10,'2026-02-12 15:48:46'),(286,283,18,'2026-02-12 15:48:46'),(287,285,33,'2026-02-12 15:48:46'),(288,287,22,'2026-02-12 15:48:46'),(289,287,23,'2026-02-12 15:48:46'),(290,288,26,'2026-02-12 15:48:46'),(291,290,32,'2026-02-12 15:48:46'),(292,291,3,'2026-02-12 15:48:46'),(293,291,13,'2026-02-12 15:48:46'),(294,382,3,'2026-02-12 15:48:46'),(295,382,13,'2026-02-12 15:48:46'),(296,294,19,'2026-02-12 15:48:46'),(297,294,37,'2026-02-12 15:48:46'),(298,296,5,'2026-02-12 15:48:46'),(299,296,14,'2026-02-12 15:48:46'),(300,296,29,'2026-02-12 15:48:46'),(301,298,8,'2026-02-12 15:48:46'),(302,301,6,'2026-02-12 15:48:46'),(303,302,7,'2026-02-12 15:48:46'),(304,303,12,'2026-02-12 15:48:46'),(305,304,13,'2026-02-12 15:48:46'),(306,305,14,'2026-02-12 15:48:46'),(307,306,15,'2026-02-12 15:48:46'),(308,307,16,'2026-02-12 15:48:46'),(309,308,34,'2026-02-12 15:48:46'),(310,309,33,'2026-02-12 15:48:46'),(311,408,7,'2026-02-12 15:49:40'),(312,413,25,'2026-02-12 15:49:40'),(313,416,4,'2026-02-12 15:49:40'),(314,416,15,'2026-02-12 15:49:40'),(315,416,27,'2026-02-12 15:49:40'),(316,313,25,'2026-02-12 15:49:40'),(317,313,34,'2026-02-12 15:49:40'),(318,316,24,'2026-02-12 15:49:40'),(319,318,9,'2026-02-12 15:49:40'),(320,318,17,'2026-02-12 15:49:40'),(321,319,10,'2026-02-12 15:49:40'),(322,319,18,'2026-02-12 15:49:40'),(323,321,33,'2026-02-12 15:49:40'),(324,323,22,'2026-02-12 15:49:40'),(325,323,23,'2026-02-12 15:49:40'),(326,324,26,'2026-02-12 15:49:40'),(327,326,32,'2026-02-12 15:49:40'),(328,327,3,'2026-02-12 15:49:40'),(329,327,13,'2026-02-12 15:49:40'),(330,435,3,'2026-02-12 15:49:40'),(331,435,13,'2026-02-12 15:49:40'),(332,330,19,'2026-02-12 15:49:40'),(333,330,37,'2026-02-12 15:49:40'),(334,332,5,'2026-02-12 15:49:40'),(335,332,14,'2026-02-12 15:49:40'),(336,332,29,'2026-02-12 15:49:40'),(337,334,8,'2026-02-12 15:49:40'),(338,337,6,'2026-02-12 15:49:40'),(339,338,7,'2026-02-12 15:49:40'),(340,339,12,'2026-02-12 15:49:40'),(341,340,13,'2026-02-12 15:49:40'),(342,341,14,'2026-02-12 15:49:40'),(343,342,15,'2026-02-12 15:49:40'),(344,343,16,'2026-02-12 15:49:40'),(345,344,34,'2026-02-12 15:49:40'),(346,345,33,'2026-02-12 15:49:40'),(347,492,19,'2026-02-12 15:49:40'),(348,492,30,'2026-02-12 15:49:40'),(349,347,25,'2026-02-12 15:49:40'),(350,347,33,'2026-02-12 15:49:40'),(351,349,19,'2026-02-12 15:49:40'),(352,349,37,'2026-02-12 15:49:40'),(353,351,24,'2026-02-12 15:49:40'),(354,351,25,'2026-02-12 15:49:40'),(355,353,9,'2026-02-12 15:49:40'),(356,353,17,'2026-02-12 15:49:40'),(357,355,18,'2026-02-12 15:49:40'),(358,355,19,'2026-02-12 15:49:40'),(359,355,20,'2026-02-12 15:49:40'),(360,357,17,'2026-02-12 15:49:40'),(361,360,3,'2026-02-12 15:49:40'),(362,360,13,'2026-02-12 15:49:40'),(363,530,6,'2026-02-12 15:49:40'),(364,530,22,'2026-02-12 15:49:40'),(365,363,17,'2026-02-12 15:49:40'),(366,363,29,'2026-02-12 15:49:40'),(367,365,27,'2026-02-12 15:49:40'),(368,365,28,'2026-02-12 15:49:40'),(379,40,18,'2026-02-12 15:49:40'),(380,379,18,'2026-02-12 15:49:40'),(381,380,18,'2026-02-12 15:49:40'),(382,381,18,'2026-02-12 15:49:40'),(383,382,18,'2026-02-12 15:49:40'),(384,383,18,'2026-02-12 15:49:40'),(385,384,18,'2026-02-12 15:49:40'),(386,385,18,'2026-02-12 15:49:40'),(387,386,20,'2026-02-12 15:49:40'),(388,387,20,'2026-02-12 15:49:40'),(389,388,20,'2026-02-12 15:49:40'),(390,389,21,'2026-02-12 15:49:40'),(391,390,21,'2026-02-12 15:49:40'),(392,391,22,'2026-02-12 15:49:40'),(393,392,22,'2026-02-12 15:49:40'),(394,393,22,'2026-02-12 15:49:40'),(395,394,22,'2026-02-12 15:49:40'),(396,395,22,'2026-02-12 15:49:40'),(397,396,23,'2026-02-12 15:49:40'),(398,397,23,'2026-02-12 15:49:40'),(399,398,23,'2026-02-12 15:49:40'),(400,399,23,'2026-02-12 15:49:40'),(401,400,23,'2026-02-12 15:49:40'),(402,401,24,'2026-02-12 15:49:40'),(403,402,24,'2026-02-12 15:49:40'),(404,403,24,'2026-02-12 15:49:40'),(405,404,24,'2026-02-12 15:49:40'),(406,405,24,'2026-02-12 15:49:40'),(407,406,25,'2026-02-12 15:49:40'),(408,407,25,'2026-02-12 15:49:40'),(409,408,25,'2026-02-12 15:49:40'),(410,409,25,'2026-02-12 15:49:40'),(411,410,26,'2026-02-12 15:49:40'),(412,411,26,'2026-02-12 15:49:40'),(413,412,26,'2026-02-12 15:49:40'),(414,413,26,'2026-02-12 15:49:40'),(415,414,26,'2026-02-12 15:49:40'),(416,415,19,'2026-02-12 15:49:40'),(417,416,19,'2026-02-12 15:49:40'),(418,417,19,'2026-02-12 15:49:40'),(419,418,27,'2026-02-12 15:49:40'),(420,419,27,'2026-02-12 15:49:40'),(421,420,28,'2026-02-12 15:49:40'),(422,421,28,'2026-02-12 15:49:40'),(423,422,30,'2026-02-12 15:49:40'),(424,423,30,'2026-02-12 15:49:40'),(425,424,29,'2026-02-12 15:49:40'),(426,425,29,'2026-02-12 15:49:40'),(427,426,17,'2026-02-12 15:49:40'),(428,427,17,'2026-02-12 15:49:40'),(429,428,17,'2026-02-12 15:49:40'),(430,429,17,'2026-02-12 15:49:40'),(431,430,18,'2026-02-12 15:49:40'),(432,431,18,'2026-02-12 15:49:40'),(433,432,18,'2026-02-12 15:49:40'),(434,433,20,'2026-02-12 15:49:40'),(435,434,20,'2026-02-12 15:49:40'),(436,435,21,'2026-02-12 15:49:40'),(437,436,21,'2026-02-12 15:49:40'),(438,437,22,'2026-02-12 15:49:40'),(439,438,22,'2026-02-12 15:49:40'),(440,439,23,'2026-02-12 15:49:41'),(441,440,24,'2026-02-12 15:49:41'),(442,441,24,'2026-02-12 15:49:41'),(443,442,25,'2026-02-12 15:49:41'),(444,443,25,'2026-02-12 15:49:41'),(445,444,26,'2026-02-12 15:49:41'),(446,445,26,'2026-02-12 15:49:41'),(447,446,19,'2026-02-12 15:49:41'),(448,447,19,'2026-02-12 15:49:41'),(449,448,27,'2026-02-12 15:49:41'),(450,449,28,'2026-02-12 15:49:41'),(451,450,29,'2026-02-12 15:49:41'),(452,451,20,'2026-02-12 15:49:41');
/*!40000 ALTER TABLE `competition_specializations` ENABLE KEYS */;
UNLOCK TABLES;

--
-- Dumping data for table `webinar_audience_types`
--

LOCK TABLES `webinar_audience_types` WRITE;
/*!40000 ALTER TABLE `webinar_audience_types` DISABLE KEYS */;
INSERT INTO `webinar_audience_types` (`id`, `webinar_id`, `audience_type_id`, `created_at`) VALUES (13,5,2,'2026-01-30 10:02:48'),(14,6,1,'2026-02-12 07:26:55'),(15,5,1,'2026-02-26 06:15:19'),(16,7,1,'2026-02-26 06:15:19'),(17,8,1,'2026-02-26 06:15:19'),(18,10,1,'2026-02-26 06:15:19'),(19,6,2,'2026-02-26 06:15:19'),(20,7,2,'2026-02-26 06:15:19'),(21,8,2,'2026-02-26 06:15:19'),(22,10,2,'2026-02-26 06:15:19'),(23,5,3,'2026-02-26 06:15:19'),(24,6,3,'2026-02-26 06:15:19'),(25,7,3,'2026-02-26 06:15:19'),(26,8,3,'2026-02-26 06:15:19'),(27,10,3,'2026-02-26 06:15:19'),(28,5,4,'2026-02-26 06:15:19'),(29,6,4,'2026-02-26 06:15:19'),(30,7,4,'2026-02-26 06:15:19'),(31,8,4,'2026-02-26 06:15:19'),(32,10,4,'2026-02-26 06:15:19'),(46,12,1,'2026-03-04 07:19:46'),(47,12,2,'2026-03-04 07:19:46'),(48,12,4,'2026-03-04 07:19:46'),(49,12,3,'2026-03-04 07:19:46');
/*!40000 ALTER TABLE `webinar_audience_types` ENABLE KEYS */;
UNLOCK TABLES;

--
-- Dumping data for table `audience_types`
--

LOCK TABLES `audience_types` WRITE;
/*!40000 ALTER TABLE `audience_types` DISABLE KEYS */;
INSERT INTO `audience_types` (`id`, `slug`, `name`, `description`, `target_participants_genitive`, `display_order`, `is_active`, `created_at`, `updated_at`) VALUES (1,'dou','ДОУ (Дошкольное образовательное учреждение)','Конкурсы для воспитателей и педагогов дошкольного образования','воспитателей и педагогов дошкольного образования',1,1,'2026-02-05 16:58:11','2026-02-12 15:48:13'),(2,'nachalnaya-shkola','Начальная школа (1-4 классы)','Конкурсы для учителей начальных классов','учителей начальных классов',2,1,'2026-02-05 16:58:11','2026-02-12 15:48:13'),(3,'srednyaya-starshaya-shkola','Средняя и старшая школа (5-11 классы)','Конкурсы для учителей предметников средней и старшей школы','учителей предметников средней и старшей школы',3,1,'2026-02-05 16:58:11','2026-02-12 15:48:13'),(4,'spo','СПО (Среднее профессиональное образование)','Конкурсы для преподавателей колледжей и техникумов','преподавателей колледжей и техникумов',4,1,'2026-02-05 16:58:11','2026-02-12 15:48:13');
/*!40000 ALTER TABLE `audience_types` ENABLE KEYS */;
UNLOCK TABLES;

--
-- Dumping data for table `audience_specializations`
--

LOCK TABLES `audience_specializations` WRITE;
/*!40000 ALTER TABLE `audience_specializations` DISABLE KEYS */;
INSERT INTO `audience_specializations` (`id`, `audience_type_id`, `slug`, `name`, `description`, `display_order`, `is_active`, `created_at`, `updated_at`) VALUES (1,1,'razvitie-rechi','Развитие речи и коммуникация','Конкурсы по развитию речи и коммуникативных навыков',1,1,'2026-02-05 16:58:11','2026-02-05 16:58:11'),(2,1,'matematika-logika','Математика и логическое мышление','Конкурсы по формированию элементарных математических представлений',2,1,'2026-02-05 16:58:11','2026-02-05 16:58:11'),(3,1,'tvorchestvo','Художественное творчество','Конкурсы по изобразительной деятельности, лепке, аппликации',3,1,'2026-02-05 16:58:11','2026-02-05 16:58:11'),(4,1,'fizicheskoe-razvitie','Физическое развитие и здоровье','Конкурсы по физической культуре и здоровьесбережению',4,1,'2026-02-05 16:58:11','2026-02-05 16:58:11'),(5,1,'muzyka-tanec','Музыка и танцы','Конкурсы музыкального воспитания и хореографии',5,1,'2026-02-05 16:58:11','2026-02-05 16:58:11'),(6,1,'ekologiya','Экологическое воспитание','Конкурсы по экологическому образованию дошкольников',6,1,'2026-02-05 16:58:11','2026-02-05 16:58:11'),(7,1,'socialno-kommunikativnoe','Социально-коммуникативное развитие','Конкурсы по социализации и общению',7,1,'2026-02-05 16:58:11','2026-02-05 16:58:11'),(8,2,'russkiy-yazyk','Русский язык','Конкурсы для учителей русского языка начальных классов',1,1,'2026-02-05 16:58:11','2026-02-05 16:58:11'),(9,2,'literatura-chtenie','Литературное чтение','Конкурсы по литературному чтению',2,1,'2026-02-05 16:58:11','2026-02-05 16:58:11'),(10,2,'matematika','Математика','Конкурсы для учителей математики начальных классов',3,1,'2026-02-05 16:58:11','2026-02-05 16:58:11'),(11,2,'okruzhayushchiy-mir','Окружающий мир','Конкурсы по предмету \"Окружающий мир\"',4,1,'2026-02-05 16:58:11','2026-02-05 16:58:11'),(12,2,'angliiskiy-yazyk','Английский язык','Конкурсы для учителей английского языка начальных классов',5,1,'2026-02-05 16:58:11','2026-02-05 16:58:11'),(13,2,'izo','Изобразительное искусство','Конкурсы по ИЗО в начальной школе',6,1,'2026-02-05 16:58:11','2026-02-05 16:58:11'),(14,2,'muzyka','Музыка','Конкурсы музыкального образования в начальной школе',7,1,'2026-02-05 16:58:11','2026-02-05 16:58:11'),(15,2,'fizkultura','Физическая культура','Конкурсы по физической культуре для начальной школы',8,1,'2026-02-05 16:58:11','2026-02-05 16:58:11'),(16,2,'tehnologiya','Технология','Конкурсы по технологии в начальных классах',9,1,'2026-02-05 16:58:11','2026-02-05 16:58:11'),(17,3,'russkiy-yazyk-literatura','Русский язык и литература','Конкурсы для филологов',1,1,'2026-02-05 16:58:11','2026-02-05 16:58:11'),(18,3,'matematika-algebra-geometriya','Математика (алгебра, геометрия)','Конкурсы для учителей математики',2,1,'2026-02-05 16:58:11','2026-02-05 16:58:11'),(19,3,'informatika','Информатика и ИКТ','Конкурсы по информатике и информационным технологиям',3,1,'2026-02-05 16:58:11','2026-02-05 16:58:11'),(20,3,'fizika','Физика','Конкурсы для учителей физики',4,1,'2026-02-05 16:58:11','2026-02-05 16:58:11'),(21,3,'himiya','Химия','Конкурсы по химии',5,1,'2026-02-05 16:58:11','2026-02-05 16:58:11'),(22,3,'biologiya','Биология','Конкурсы для учителей биологии',6,1,'2026-02-05 16:58:11','2026-02-05 16:58:11'),(23,3,'geografiya','География','Конкурсы по географии',7,1,'2026-02-05 16:58:11','2026-02-05 16:58:11'),(24,3,'istoriya','История','Конкурсы для учителей истории',8,1,'2026-02-05 16:58:11','2026-02-05 16:58:11'),(25,3,'obshchestvoznanie','Обществознание','Конкурсы по обществознанию',9,1,'2026-02-05 16:58:11','2026-02-05 16:58:11'),(26,3,'inostrannye-yazyki','Иностранные языки','Конкурсы для учителей иностранных языков',10,1,'2026-02-05 16:58:11','2026-02-05 16:58:11'),(27,3,'fizkultura-sport','Физическая культура и спорт','Конкурсы по физкультуре и спортивному воспитанию',11,1,'2026-02-05 16:58:11','2026-02-05 16:58:11'),(28,3,'obzh','ОБЖ','Конкурсы по основам безопасности жизнедеятельности',12,1,'2026-02-05 16:58:11','2026-02-05 16:58:11'),(29,3,'muzyka-mhk','Музыка и МХК','Конкурсы по музыке и мировой художественной культуре',13,1,'2026-02-05 16:58:11','2026-02-05 16:58:11'),(30,3,'tehnologiya-trud','Технология','Конкурсы по технологии и трудовому обучению',14,1,'2026-02-05 16:58:11','2026-02-05 16:58:11'),(31,4,'obshcheobrazovatelnye','Общеобразовательные дисциплины','Конкурсы для преподавателей общеобразовательных предметов',1,1,'2026-02-05 16:58:11','2026-02-05 16:58:11'),(32,4,'tehnicheskie','Технические специальности','Конкурсы для преподавателей технических дисциплин',2,1,'2026-02-05 16:58:11','2026-02-05 16:58:11'),(33,4,'ekonomicheskie','Экономические специальности','Конкурсы по экономическим дисциплинам',3,1,'2026-02-05 16:58:11','2026-02-05 16:58:11'),(34,4,'gumanitarnye','Гуманитарные специальности','Конкурсы для преподавателей гуманитарных дисциплин',4,1,'2026-02-05 16:58:11','2026-02-05 16:58:11'),(35,4,'medicinskiye','Медицинские специальности','Конкурсы для преподавателей медицинских колледжей',5,1,'2026-02-05 16:58:11','2026-02-05 16:58:11'),(36,4,'pedagogicheskie','Педагогические специальности','Конкурсы для преподавателей педагогических колледжей',6,1,'2026-02-05 16:58:11','2026-02-05 16:58:11'),(37,4,'it-programmirovanie','IT и программирование','Конкурсы по информационным технологиям и программированию',7,1,'2026-02-05 16:58:11','2026-02-05 16:58:11');
/*!40000 ALTER TABLE `audience_specializations` ENABLE KEYS */;
UNLOCK TABLES;
/*!40103 SET TIME_ZONE=@OLD_TIME_ZONE */;

/*!40101 SET SQL_MODE=@OLD_SQL_MODE */;
/*!40014 SET FOREIGN_KEY_CHECKS=@OLD_FOREIGN_KEY_CHECKS */;
/*!40014 SET UNIQUE_CHECKS=@OLD_UNIQUE_CHECKS */;
/*!40101 SET CHARACTER_SET_CLIENT=@OLD_CHARACTER_SET_CLIENT */;
/*!40101 SET CHARACTER_SET_RESULTS=@OLD_CHARACTER_SET_RESULTS */;
/*!40101 SET COLLATION_CONNECTION=@OLD_COLLATION_CONNECTION */;
/*!40111 SET SQL_NOTES=@OLD_SQL_NOTES */;

-- Dump completed on 2026-03-05  3:44:17
